;;2001;2002;2003;2004;2005;2006;2007;2008;2009;2010;2011;2012;2013;2014;2015;2016;2017
01 Østfold;Hest;25;18;13;9;15;14;11;10;15;15;19;10;5;6;1;2;1
01 Østfold;Storfe;978;940;885;832;882;752;788;777;860;787;703;730;748;755;804;810;848
01 Østfold;Sau;16;17;19;13;12;9;12;12;17;16;16;18;16;20;16;19;24
01 Østfold;Svin;4481;4364;4221;4838;4731;4923;4781;5131;4862;5047;4749;5020;4714;4634;4598;5038;5092
01 Østfold;Fjørfe;5375;5532;5543;6053;5968;6862;7162;8098;7873;7792;7861;8542;9636;9956;8856;8621;9599
01 Østfold;Anna kjøt;0;0;0;0;0;0;0;0;0;0;0;0;1;0;0;1;0
02-03 Oslo og Akershus;Hest;33;35;30;26;31;24;15;18;23;21;16;15;7;6;2;2;1
02-03 Oslo og Akershus;Storfe;1029;1062;895;947;902;908;866;872;915;939;883;847;850;914;826;853;908
02-03 Oslo og Akershus;Sau;24;25;26;31;30;41;40;31;40;37;34;37;35;37;32;38;48
02-03 Oslo og Akershus;Svin;2927;2962;2927;3134;2692;3108;2944;3301;3053;2989;2929;2703;2536;2658;2528;2754;2540
02-03 Oslo og Akershus;Fjørfe;974;818;872;1156;1131;1209;1310;1248;1242;1259;1355;1263;1516;1526;1325;1157;1294
02-03 Oslo og Akershus;Anna kjøt;0;0;1;0;0;0;0;0;1;1;1;1;1;1;1;1;1
04 Hedmark;Hest;25;21;24;20;21;20;15;14;17;15;18;15;18;9;4;3;4
04 Hedmark;Storfe;2474;2384;2606;2661;2653;2566;2649;2784;2696;2428;2422;2429;2596;2706;2652;2705;2680
04 Hedmark;Sau;135;150;140;190;166;192;204;201;203;188;184;182;189;198;192;206;203
04 Hedmark;Svin;6506;6236;6110;6724;6602;7254;6729;7560;7433;7541;8108;8409;8105;8852;8802;9434;9171
04 Hedmark;Fjørfe;4106;4770;5384;5791;5687;6667;7265;7766;7404;7488;7564;7339;9189;10100;8721;8192;8946
04 Hedmark;Anna kjøt;7;7;9;11;7;10;9;10;14;12;10;10;12;10;7;8;9
05 Oppland;Hest;28;29;22;20;25;16;19;23;25;24;22;15;22;8;8;6;4
05 Oppland;Storfe;5267;5578;5211;5713;5794;5482;5194;5377;5688;5347;5388;5087;5508;5764;5415;5568;5688
05 Oppland;Sau;281;314;313;393;337;420;392;405;458;435;412;417;416;447;386;440;483
05 Oppland;Svin;4606;4570;4615;5024;4354;4878;4507;4806;4586;4706;4515;4605;4623;4564;4952;5117;4835
05 Oppland;Fjørfe;383;349;417;397;447;487;467;566;416;359;429;473;515;386;456;433;592
05 Oppland;Anna kjøt;16;16;15;17;14;15;13;16;20;18;16;16;16;22;17;20;23
06 Buskerud;Hest;19;18;16;14;13;10;7;7;9;7;10;9;8;5;4;2;1
06 Buskerud;Storfe;1063;1095;956;1044;1118;1055;981;967;990;923;1004;908;1057;1179;1102;1008;1023
06 Buskerud;Sau;200;182;176;210;177;210;216;207;225;210;212;217;194;210;206;211;232
06 Buskerud;Svin;676;675;628;644;515;551;611;566;524;494;474;474;540;494;575;621;589
06 Buskerud;Fjørfe;393;476;484;551;563;540;687;622;438;518;563;739;634;722;626;554;471
06 Buskerud;Anna kjøt;8;8;8;8;9;8;10;8;9;12;12;8;13;11;17;17;20
07 Vestfold;Hest;14;17;20;20;17;13;11;8;7;8;12;7;6;5;0;0;0
07 Vestfold;Storfe;572;538;486;494;452;462;497;490;556;510;586;518;542;548;561;581;647
07 Vestfold;Sau;11;14;11;14;13;13;15;14;18;21;19;16;19;19;22;20;21
07 Vestfold;Svin;4058;3937;3844;4374;4356;4861;4332;4637;4755;4995;5062;4851;4948;4834;5006;4908;4553
07 Vestfold;Fjørfe;1510;1789;1967;2112;2076;1990;2214;2415;2097;2321;2278;2495;2556;2865;2656;2719;2151
07 Vestfold;Anna kjøt;1;1;1;0;1;0;1;1;0;0;0;0;0;0;0;0;0
08 Telemark;Hest;24;19;17;11;12;9;10;4;9;9;6;4;6;3;2;1;1
08 Telemark;Storfe;567;599;545;550;557;567;569;561;530;490;600;545;506;546;575;492;524
08 Telemark;Sau;69;60;64;81;72;79;102;100;98;99;88;89;74;86;90;96;91
08 Telemark;Svin;944;953;1007;1044;910;997;914;851;890;852;838;785;798;797;899;1046;963
08 Telemark;Fjørfe;217;190;204;274;208;252;104;114;113;162;174;182;217;212;230;250;294
08 Telemark;Anna kjøt;6;5;7;6;6;8;5;10;9;11;6;8;9;9;12;12;17
09 Aust-Agder;Hest;6;3;7;9;9;5;6;7;9;3;7;8;11;1;0;1;1
09 Aust-Agder;Storfe;411;401;377;435;465;421;423;413;400;330;360;306;373;367;353;330;331
09 Aust-Agder;Sau;81;73;72;75;66;62;67;61;61;59;50;56;52;55;55;61;63
09 Aust-Agder;Svin;403;362;349;460;380;331;339;349;369;470;521;498;462;460;440;484;492
09 Aust-Agder;Fjørfe;125;106;137;141;116;130;128;143;289;218;174;215;227;226;168;32;0
09 Aust-Agder;Anna kjøt;0;0;0;1;0;0;1;0;0;0;0;1;1;0;1;1;0
10 Vest-Agder;Hest;14;11;10;4;6;4;6;3;4;4;6;11;5;4;1;1;1
10 Vest-Agder;Storfe;1144;1129;992;1075;1074;1157;1040;1010;1077;969;966;853;985;986;976;985;1029
10 Vest-Agder;Sau;101;100;94;112;100;112;122;103;100;107;102;93;91;105;99;95;119
10 Vest-Agder;Svin;493;470;390;430;329;364;334;337;280;343;442;470;437;610;629;667;651
10 Vest-Agder;Fjørfe;151;152;189;159;157;122;96;75;104;76;96;92;120;260;228;281;298
10 Vest-Agder;Anna kjøt;1;0;0;0;0;1;0;1;0;0;0;0;1;1;1;0;1
11 Rogaland;Hest;29;30;34;32;30;24;29;25;31;24;30;21;36;10;5;3;2
11 Rogaland;Storfe;6752;7293;6906;7168;7224;7386;6887;7103;6833;6944;6999;6434;7195;6401;6362;6547;6570
11 Rogaland;Sau;470;501;477;579;589;626;669;686;685;739;748;752;787;796;802;817;923
11 Rogaland;Svin;11621;11564;12263;13739;14743;15790;15139;16916;16908;18030;18734;19254;18832;18407;19467;20115;19902
11 Rogaland;Fjørfe;2998;3475;3645;3658;4549;4013;5862;6909;7220;7545;6831;7862;8965;10693;9309;11823;14153
11 Rogaland;Anna kjøt;5;5;5;5;4;6;6;7;7;8;6;8;13;7;10;6;8
12 Hordaland;Hest;14;18;18;17;10;11;11;8;11;9;9;8;7;2;0;0;0
12 Hordaland;Storfe;2697;2405;2341;2322;2381;2183;2050;2029;1899;1943;1902;1714;1791;1731;1755;1757;1672
12 Hordaland;Sau;313;330;302;401;348;359;348;370;347;393;379;353;373;357;351;378;354
12 Hordaland;Svin;1211;959;962;1065;1000;983;911;983;951;1040;1112;1039;1234;1295;1309;1404;1187
12 Hordaland;Fjørfe;423;464;452;501;364;410;495;468;376;375;256;284;360;423;238;142;137
12 Hordaland;Anna kjøt;10;9;8;9;9;11;12;10;12;13;11;10;12;6;9;12;8
14 Sogn og Fjordane;Hest;7;6;6;5;8;3;7;4;5;4;2;2;3;2;2;2;1
14 Sogn og Fjordane;Storfe;3224;3111;3030;3041;3063;3121;3040;2978;2781;2719;2852;2578;2746;2574;2453;2532;2575
14 Sogn og Fjordane;Sau;316;376;335;416;383;373;340;353;332;376;358;349;336;343;332;328;338
14 Sogn og Fjordane;Svin;739;719;740;786;763;958;862;924;856;871;889;930;844;908;964;961;986
14 Sogn og Fjordane;Fjørfe;49;78;57;79;53;41;36;0;0;0;0;0;0;0;0;0;0
14 Sogn og Fjordane;Anna kjøt;21;21;22;23;24;25;24;28;26;25;21;18;33;17;29;32;36
15 Møre og Romsdal;Hest;8;7;5;7;3;4;2;2;1;4;5;3;2;2;1;1;1
15 Møre og Romsdal;Storfe;4385;4286;4182;4213;4263;4226;3988;4022;3746;3796;3678;3432;3458;3241;3130;3312;3288
15 Møre og Romsdal;Sau;185;209;205;234;206;205;206;211;203;211;207;204;196;201;203;193;195
15 Møre og Romsdal;Svin;1029;976;989;955;921;918;1184;1209;1195;1199;1287;1317;1227;1317;1412;1425;1331
15 Møre og Romsdal;Fjørfe;146;77;229;147;199;197;170;165;107;60;68;76;100;87;73;0;76
15 Møre og Romsdal;Anna kjøt;28;22;20;19;22;23;20;24;25;21;20;32;12;15;13;15;21
16 Sør-Trøndelag;Hest;18;21;21;17;13;17;17;22;22;20;18;16;11;9;10;9;10
16 Sør-Trøndelag;Storfe;4475;4585;4483;4617;4607;4479;4364;4457;3937;3806;3851;3535;3581;3318;3212;3392;3528
16 Sør-Trøndelag;Sau;122;148;145;203;162;162;196;216;192;200;211;191;195;187;175;205;198
16 Sør-Trøndelag;Svin;1661;1532;1528;1637;1578;1508;1230;1250;1217;1260;1301;1283;1213;1234;1149;1354;1260
16 Sør-Trøndelag;Fjørfe;1903;2025;2622;2935;3236;3732;3927;5519;6195;6046;5875;5958;6618;7313;5634;5492;6685
16 Sør-Trøndelag;Anna kjøt;2;2;1;4;3;2;1;0;0;0;0;0;0;0;0;0;0
17 Nord-Trøndelag;Hest;9;7;7;7;9;6;8;7;7;5;9;7;4;4;4;1;1
17 Nord-Trøndelag;Storfe;4437;4632;4758;4767;4758;4776;4756;4749;4535;4482;4404;4269;4574;4085;4271;4393;4437
17 Nord-Trøndelag;Sau;104;147;155;147;129;140;137;138;106;132;145;141;152;132;133;131;147
17 Nord-Trøndelag;Svin;8139;7856;7777;8296;8035;9152;8306;9311;9312;9506;9736;9179;8540;8757;9049;9800;9779
17 Nord-Trøndelag;Fjørfe;2182;2259;2378;2686;3304;3755;4220;6054;7235;7751;7986;8371;8750;9732;7726;8026;8389
17 Nord-Trøndelag;Anna kjøt;3;2;3;4;4;2;2;4;2;5;3;1;2;3;2;1;4
18 Nordland - Nordlánnda;Hest;4;6;6;4;6;6;5;5;5;5;2;3;4;3;2;1;2
18 Nordland - Nordlánnda;Storfe;2975;3042;2986;3075;3025;3020;2959;3095;3116;3015;3013;2857;2972;2911;2965;2949;2846
18 Nordland - Nordlánnda;Sau;159;175;151;214;210;201;211;248;238;259;257;231;237;243;225;216;222
18 Nordland - Nordlánnda;Svin;1793;1675;1720;1973;2059;2242;2255;2571;2522;3114;3174;3314;3355;3418;3462;3660;3694
18 Nordland - Nordlánnda;Fjørfe;0;0;0;6;0;0;0;0;0;0;0;0;0;0;0;0;6
18 Nordland - Nordlánnda;Anna kjøt;10;13;14;10;12;13;9;14;17;10;12;16;11;14;14;14;16
19 Troms - Romsa;Hest;4;6;4;5;2;4;4;2;6;2;5;2;4;3;3;1;2
19 Troms - Romsa;Storfe;800;819;804;800;735;767;725;746;763;702;629;634;666;618;647;633;610
19 Troms - Romsa;Sau;111;120;112;136;132;142;149;159;162;164;140;119;138;147;145;139;139
19 Troms - Romsa;Svin;620;510;517;534;447;440;422;430;471;500;445;496;517;442;424;485;370
19 Troms - Romsa;Fjørfe;0;0;0;0;0;0;0;0;0;0;0;0;0;0;0;0;0
19 Troms - Romsa;Anna kjøt;34;31;31;29;29;33;33;37;31;37;31;27;31;48;25;25;29
20 Finnmark - Finnmárku;Hest;2;2;1;0;0;1;1;0;0;0;0;0;0;0;0;0;0
20 Finnmark - Finnmárku;Storfe;288;290;275;320;296;310;311;336;329;296;278;255;259;268;288;312;297
20 Finnmark - Finnmárku;Sau;16;20;20;24;18;21;23;28;24;27;22;26;19;23;35;22;28
20 Finnmark - Finnmárku;Svin;129;122;124;146;111;101;96;92;81;65;50;38;32;29;31;38;30
20 Finnmark - Finnmárku;Fjørfe;0;0;0;0;0;0;0;0;0;0;0;0;0;0;0;0;0
20 Finnmark - Finnmárku;Anna kjøt;0;0;0;0;0;0;0;0;0;0;0;0;0;0;0;0;0